1,3,6,10,15,21,28,36,45,55,66,78,91,105,120,136,153,171,190,210,231,253,276,300,325,351,378,406,435,465,496,528,561,595,630,666,703,741,780,820,861,903,946,990,1035,1081,1128,1176,1225,1275,1326,1378,1431,1485,1540,1596,1653,1711,1770,1830,1891,1953,2016,2080,2145,2211,2278,2346,2415,2485,2556,2628,2701,2775,2850,2926,3003,3081,3160,3240,3321,3403,3486,3570,3655,3741,3828,3916,4005,4095,4186,4278,4371,4465,4560,4656,4753,4851,4950,5050
3,9,18,30,45,63,84,108,135,165,198,234,273,315,360,408,459,513,570,630,693,759,828,900,975,1053,1134,1218,1305,1395,1488,1584,1683,1785,1890,1998,2109,2223,2340,2460,2583,2709,2838,2970,3105,3243,3384,3528,3675,3825,3978,4134,4293,4455,4620,4788,4959,5133,5310,5490,5673,5859,6048,6240,6435,6633,6834,7038,7245,7455,7668,7884,8103,8325,8550,8778,9009,9243,9480,9720,9963,10209,10458,10710,10965,11223,11484,11748,12015,12285,12558,12834,13113,13395,13680,13968,14259,14553,14850,15150
6,18,36,60,90,126,168,216,270,330,396,468,546,630,720,816,918,1026,1140,1260,1386,1518,1656,1800,1950,2106,2268,2436,2610,2790,2976,3168,3366,3570,3780,3996,4218,4446,4680,4920,5166,5418,5676,5940,6210,6486,6768,7056,7350,7650,7956,8268,8586,8910,9240,9576,9918,10266,10620,10980,11346,11718,12096,12480,12870,13266,13668,14076,14490,14910,15336,15768,16206,16650,17100,17556,18018,18486,18960,19440,19926,20418,20916,21420,21930,22446,22968,23496,24030,24570,25116,25668,26226,26790,27360,27936,28518,29106,29700,30300
10,30,60,100,150,210,280,360,450,550,660,780,910,1050,1200,1360,1530,1710,1900,2100,2310,2530,2760,3000,3250,3510,3780,4060,4350,4650,4960,5280,5610,5950,6300,6660,7030,7410,7800,8200,8610,9030,9460,9900,10350,10810,11280,11760,12250,12750,13260,13780,14310,14850,15400,15960,16530,17110,17700,18300,18910,19530,20160,20800,21450,22110,22780,23460,24150,24850,25560,26280,27010,27750,28500,29260,30030,30810,31600,32400,33210,34030,34860,35700,36550,37410,38280,39160,40050,40950,41860,42780,43710,44650,45600,46560,47530,48510,49500,50500
15,45,90,150,225,315,420,540,675,825,990,1170,1365,1575,1800,2040,2295,2565,2850,3150,3465,3795,4140,4500,4875,5265,5670,6090,6525,6975,7440,7920,8415,8925,9450,9990,10545,11115,11700,12300,12915,13545,14190,14850,15525,16215,16920,17640,18375,19125,19890,20670,21465,22275,23100,23940,24795,25665,26550,27450,28365,29295,30240,31200,32175,33165,34170,35190,36225,37275,38340,39420,40515,41625,42750,43890,45045,46215,47400,48600,49815,51045,52290,53550,54825,56115,57420,58740,60075,61425,62790,64170,65565,66975,68400,69840,71295,72765,74250,75750
21,63,126,210,315,441,588,756,945,1155,1386,1638,1911,2205,2520,2856,3213,3591,3990,4410,4851,5313,5796,6300,6825,7371,7938,8526,9135,9765,10416,11088,11781,12495,13230,13986,14763,15561,16380,17220,18081,18963,19866,20790,21735,22701,23688,24696,25725,26775,27846,28938,30051,31185,32340,33516,34713,35931,37170,38430,39711,41013,42336,43680,45045,46431,47838,49266,50715,52185,53676,55188,56721,58275,59850,61446,63063,64701,66360,68040,69741,71463,73206,74970,76755,78561,80388,82236,84105,85995,87906,89838,91791,93765,95760,97776,99813,101871,103950,106050
28,84,168,280,420,588,784,1008,1260,1540,1848,2184,2548,2940,3360,3808,4284,4788,5320,5880,6468,7084,7728,8400,9100,9828,10584,11368,12180,13020,13888,14784,15708,16660,17640,18648,19684,20748,21840,22960,24108,25284,26488,27720,28980,30268,31584,32928,34300,35700,37128,38584,40068,41580,43120,44688,46284,47908,49560,51240,52948,54684,56448,58240,60060,61908,63784,65688,67620,69580,71568,73584,75628,77700,79800,81928,84084,86268,88480,90720,92988,95284,97608,99960,102340,104748,107184,109648,112140,114660,117208,119784,122388,125020,127680,130368,133084,135828,138600,141400
36,108,216,360,540,756,1008,1296,1620,1980,2376,2808,3276,3780,4320,4896,5508,6156,6840,7560,8316,9108,9936,10800,11700,12636,13608,14616,15660,16740,17856,19008,20196,21420,22680,23976,25308,26676,28080,29520,30996,32508,34056,35640,37260,38916,40608,42336,44100,45900,47736,49608,51516,53460,55440,57456,59508,61596,63720,65880,68076,70308,72576,74880,77220,79596,82008,84456,86940,89460,92016,94608,97236,99900,102600,105336,108108,110916,113760,116640,119556,122508,125496,128520,131580,134676,137808,140976,144180,147420,150696,154008,157356,160740,164160,167616,171108,174636,178200,181800
45,135,270,450,675,945,1260,1620,2025,2475,2970,3510,4095,4725,5400,6120,6885,7695,8550,9450,10395,11385,12420,13500,14625,15795,17010,18270,19575,20925,22320,23760,25245,26775,28350,29970,31635,33345,35100,36900,38745,40635,42570,44550,46575,48645,50760,52920,55125,57375,59670,62010,64395,66825,69300,71820,74385,76995,79650,82350,85095,87885,90720,93600,96525,99495,102510,105570,108675,111825,115020,118260,121545,124875,128250,131670,135135,138645,142200,145800,149445,153135,156870,160650,164475,168345,172260,176220,180225,184275,188370,192510,196695,200925,205200,209520,213885,218295,222750,227250
55,165,330,550,825,1155,1540,1980,2475,3025,3630,4290,5005,5775,6600,7480,8415,9405,10450,11550,12705,13915,15180,16500,17875,19305,20790,22330,23925,25575,27280,29040,30855,32725,34650,36630,38665,40755,42900,45100,47355,49665,52030,54450,56925,59455,62040,64680,67375,70125,72930,75790,78705,81675,84700,87780,90915,94105,97350,100650,104005,107415,110880,114400,117975,121605,125290,129030,132825,136675,140580,144540,148555,152625,156750,160930,165165,169455,173800,178200,182655,187165,191730,196350,201025,205755,210540,215380,220275,225225,230230,235290,240405,245575,250800,256080,261415,266805,272250,277750
66,198,396,660,990,1386,1848,2376,2970,3630,4356,5148,6006,6930,7920,8976,10098,11286,12540,13860,15246,16698,18216,19800,21450,23166,24948,26796,28710,30690,32736,34848,37026,39270,41580,43956,46398,48906,51480,54120,56826,59598,62436,65340,68310,71346,74448,77616,80850,84150,87516,90948,94446,98010,101640,105336,109098,112926,116820,120780,124806,128898,133056,137280,141570,145926,150348,154836,159390,164010,168696,173448,178266,183150,188100,193116,198198,203346,208560,213840,219186,224598,230076,235620,241230,246906,252648,258456,264330,270270,276276,282348,288486,294690,300960,307296,313698,320166,326700,333300
78,234,468,780,1170,1638,2184,2808,3510,4290,5148,6084,7098,8190,9360,10608,11934,13338,14820,16380,18018,19734,21528,23400,25350,27378,29484,31668,33930,36270,38688,41184,43758,46410,49140,51948,54834,57798,60840,63960,67158,70434,73788,77220,80730,84318,87984,91728,95550,99450,103428,107484,111618,115830,120120,124488,128934,133458,138060,142740,147498,152334,157248,162240,167310,172458,177684,182988,188370,193830,199368,204984,210678,216450,222300,228228,234234,240318,246480,252720,259038,265434,271908,278460,285090,291798,298584,305448,312390,319410,326508,333684,340938,348270,355680,363168,370734,378378,386100,393900
91,273,546,910,1365,1911,2548,3276,4095,5005,6006,7098,8281,9555,10920,12376,13923,15561,17290,19110,21021,23023,25116,27300,29575,31941,34398,36946,39585,42315,45136,48048,51051,54145,57330,60606,63973,67431,70980,74620,78351,82173,86086,90090,94185,98371,102648,107016,111475,116025,120666,125398,130221,135135,140140,145236,150423,155701,161070,166530,172081,177723,183456,189280,195195,201201,207298,213486,219765,226135,232596,239148,245791,252525,259350,266266,273273,280371,287560,294840,302211,309673,317226,324870,332605,340431,348348,356356,364455,372645,380926,389298,397761,406315,414960,423696,432523,441441,450450,459550
105,315,630,1050,1575,2205,2940,3780,4725,5775,6930,8190,9555,11025,12600,14280,16065,17955,19950,22050,24255,26565,28980,31500,34125,36855,39690,42630,45675,48825,52080,55440,58905,62475,66150,69930,73815,77805,81900,86100,90405,94815,99330,103950,108675,113505,118440,123480,128625,133875,139230,144690,150255,155925,161700,167580,173565,179655,185850,192150,198555,205065,211680,218400,225225,232155,239190,246330,253575,260925,268380,275940,283605,291375,299250,307230,315315,323505,331800,340200,348705,357315,366030,374850,383775,392805,401940,411180,420525,429975,439530,449190,458955,468825,478800,488880,499065,509355,519750,530250
120,360,720,1200,1800,2520,3360,4320,5400,6600,7920,9360,10920,12600,14400,16320,18360,20520,22800,25200,27720,30360,33120,36000,39000,42120,45360,48720,52200,55800,59520,63360,67320,71400,75600,79920,84360,88920,93600,98400,103320,108360,113520,118800,124200,129720,135360,141120,147000,153000,159120,165360,171720,178200,184800,191520,198360,205320,212400,219600,226920,234360,241920,249600,257400,265320,273360,281520,289800,298200,306720,315360,324120,333000,342000,351120,360360,369720,379200,388800,398520,408360,418320,428400,438600,448920,459360,469920,480600,491400,502320,513360,524520,535800,547200,558720,570360,582120,594000,606000
136,408,816,1360,2040,2856,3808,4896,6120,7480,8976,10608,12376,14280,16320,18496,20808,23256,25840,28560,31416,34408,37536,40800,44200,47736,51408,55216,59160,63240,67456,71808,76296,80920,85680,90576,95608,100776,106080,111520,117096,122808,128656,134640,140760,147016,153408,159936,166600,173400,180336,187408,194616,201960,209440,217056,224808,232696,240720,248880,257176,265608,274176,282880,291720,300696,309808,319056,328440,337960,347616,357408,367336,377400,387600,397936,408408,419016,429760,440640,451656,462808,474096,485520,497080,508776,520608,532576,544680,556920,569296,581808,594456,607240,620160,633216,646408,659736,673200,686800
153,459,918,1530,2295,3213,4284,5508,6885,8415,10098,11934,13923,16065,18360,20808,23409,26163,29070,32130,35343,38709,42228,45900,49725,53703,57834,62118,66555,71145,75888,80784,85833,91035,96390,101898,107559,113373,119340,125460,131733,138159,144738,151470,158355,165393,172584,179928,187425,195075,202878,210834,218943,227205,235620,244188,252909,261783,270810,279990,289323,298809,308448,318240,328185,338283,348534,358938,369495,380205,391068,402084,413253,424575,436050,447678,459459,471393,483480,495720,508113,520659,533358,546210,559215,572373,585684,599148,612765,626535,640458,654534,668763,683145,697680,712368,727209,742203,757350,772650
171,513,1026,1710,2565,3591,4788,6156,7695,9405,11286,13338,15561,17955,20520,23256,26163,29241,32490,35910,39501,43263,47196,51300,55575,60021,64638,69426,74385,79515,84816,90288,95931,101745,107730,113886,120213,126711,133380,140220,147231,154413,161766,169290,176985,184851,192888,201096,209475,218025,226746,235638,244701,253935,263340,272916,282663,292581,302670,312930,323361,333963,344736,355680,366795,378081,389538,401166,412965,424935,437076,449388,461871,474525,487350,500346,513513,526851,540360,554040,567891,581913,596106,610470,625005,639711,654588,669636,684855,700245,715806,731538,747441,763515,779760,796176,812763,829521,846450,863550
190,570,1140,1900,2850,3990,5320,6840,8550,10450,12540,14820,17290,19950,22800,25840,29070,32490,36100,39900,43890,48070,52440,57000,61750,66690,71820,77140,82650,88350,94240,100320,106590,113050,119700,126540,133570,140790,148200,155800,163590,171570,179740,188100,196650,205390,214320,223440,232750,242250,251940,261820,271890,282150,292600,303240,314070,325090,336300,347700,359290,371070,383040,395200,407550,420090,432820,445740,458850,472150,485640,499320,513190,527250,541500,555940,570570,585390,600400,615600,630990,646570,662340,678300,694450,710790,727320,744040,760950,778050,795340,812820,830490,848350,866400,884640,903070,921690,940500,959500
210,630,1260,2100,3150,4410,5880,7560,9450,11550,13860,16380,19110,22050,25200,28560,32130,35910,39900,44100,48510,53130,57960,63000,68250,73710,79380,85260,91350,97650,104160,110880,117810,124950,132300,139860,147630,155610,163800,172200,180810,189630,198660,207900,217350,227010,236880,246960,257250,267750,278460,289380,300510,311850,323400,335160,347130,359310,371700,384300,397110,410130,423360,436800,450450,464310,478380,492660,507150,521850,536760,551880,567210,582750,598500,614460,630630,647010,663600,680400,697410,714630,732060,749700,767550,785610,803880,822360,841050,859950,879060,898380,917910,937650,957600,977760,998130,1018710,1039500,1060500
231,693,1386,2310,3465,4851,6468,8316,10395,12705,15246,18018,21021,24255,27720,31416,35343,39501,43890,48510,53361,58443,63756,69300,75075,81081,87318,93786,100485,107415,114576,121968,129591,137445,145530,153846,162393,171171,180180,189420,198891,208593,218526,228690,239085,249711,260568,271656,282975,294525,306306,318318,330561,343035,355740,368676,381843,395241,408870,422730,436821,451143,465696,480480,495495,510741,526218,541926,557865,574035,590436,607068,623931,641025,658350,675906,693693,711711,729960,748440,767151,786093,805266,824670,844305,864171,884268,904596,925155,945945,966966,988218,1009701,1031415,1053360,1075536,1097943,1120581,1143450,1166550
253,759,1518,2530,3795,5313,7084,9108,11385,13915,16698,19734,23023,26565,30360,34408,38709,43263,48070,53130,58443,64009,69828,75900,82225,88803,95634,102718,110055,117645,125488,133584,141933,150535,159390,168498,177859,187473,197340,207460,217833,228459,239338,250470,261855,273493,285384,297528,309925,322575,335478,348634,362043,375705,389620,403788,418209,432883,447810,462990,478423,494109,510048,526240,542685,559383,576334,593538,610995,628705,646668,664884,683353,702075,721050,740278,759759,779493,799480,819720,840213,860959,881958,903210,924715,946473,968484,990748,1013265,1036035,1059058,1082334,1105863,1129645,1153680,1177968,1202509,1227303,1252350,1277650
276,828,1656,2760,4140,5796,7728,9936,12420,15180,18216,21528,25116,28980,33120,37536,42228,47196,52440,57960,63756,69828,76176,82800,89700,96876,104328,112056,120060,128340,136896,145728,154836,164220,173880,183816,194028,204516,215280,226320,237636,249228,261096,273240,285660,298356,311328,324576,338100,351900,365976,380328,394956,409860,425040,440496,456228,472236,488520,505080,521916,539028,556416,574080,592020,610236,628728,647496,666540,685860,705456,725328,745476,765900,786600,807576,828828,850356,872160,894240,916596,939228,962136,985320,1008780,1032516,1056528,1080816,1105380,1130220,1155336,1180728,1206396,1232340,1258560,1285056,1311828,1338876,1366200,1393800
300,900,1800,3000,4500,6300,8400,10800,13500,16500,19800,23400,27300,31500,36000,40800,45900,51300,57000,63000,69300,75900,82800,90000,97500,105300,113400,121800,130500,139500,148800,158400,168300,178500,189000,199800,210900,222300,234000,246000,258300,270900,283800,297000,310500,324300,338400,352800,367500,382500,397800,413400,429300,445500,462000,478800,495900,513300,531000,549000,567300,585900,604800,624000,643500,663300,683400,703800,724500,745500,766800,788400,810300,832500,855000,877800,900900,924300,948000,972000,996300,1020900,1045800,1071000,1096500,1122300,1148400,1174800,1201500,1228500,1255800,1283400,1311300,1339500,1368000,1396800,1425900,1455300,1485000,1515000
325,975,1950,3250,4875,6825,9100,11700,14625,17875,21450,25350,29575,34125,39000,44200,49725,55575,61750,68250,75075,82225,89700,97500,105625,114075,122850,131950,141375,151125,161200,171600,182325,193375,204750,216450,228475,240825,253500,266500,279825,293475,307450,321750,336375,351325,366600,382200,398125,414375,430950,447850,465075,482625,500500,518700,537225,556075,575250,594750,614575,634725,655200,676000,697125,718575,740350,762450,784875,807625,830700,854100,877825,901875,926250,950950,975975,1001325,1027000,1053000,1079325,1105975,1132950,1160250,1187875,1215825,1244100,1272700,1301625,1330875,1360450,1390350,1420575,1451125,1482000,1513200,1544725,1576575,1608750,1641250
351,1053,2106,3510,5265,7371,9828,12636,15795,19305,23166,27378,31941,36855,42120,47736,53703,60021,66690,73710,81081,88803,96876,105300,114075,123201,132678,142506,152685,163215,174096,185328,196911,208845,221130,233766,246753,260091,273780,287820,302211,316953,332046,347490,363285,379431,395928,412776,429975,447525,465426,483678,502281,521235,540540,560196,580203,600561,621270,642330,663741,685503,707616,730080,752895,776061,799578,823446,847665,872235,897156,922428,948051,974025,1000350,1027026,1054053,1081431,1109160,1137240,1165671,1194453,1223586,1253070,1282905,1313091,1343628,1374516,1405755,1437345,1469286,1501578,1534221,1567215,1600560,1634256,1668303,1702701,1737450,1772550
378,1134,2268,3780,5670,7938,10584,13608,17010,20790,24948,29484,34398,39690,45360,51408,57834,64638,71820,79380,87318,95634,104328,113400,122850,132678,142884,153468,164430,175770,187488,199584,212058,224910,238140,251748,265734,280098,294840,309960,325458,341334,357588,374220,391230,408618,426384,444528,463050,481950,501228,520884,540918,561330,582120,603288,624834,646758,669060,691740,714798,738234,762048,786240,810810,835758,861084,886788,912870,939330,966168,993384,1020978,1048950,1077300,1106028,1135134,1164618,1194480,1224720,1255338,1286334,1317708,1349460,1381590,1414098,1446984,1480248,1513890,1547910,1582308,1617084,1652238,1687770,1723680,1759968,1796634,1833678,1871100,1908900
406,1218,2436,4060,6090,8526,11368,14616,18270,22330,26796,31668,36946,42630,48720,55216,62118,69426,77140,85260,93786,102718,112056,121800,131950,142506,153468,164836,176610,188790,201376,214368,227766,241570,255780,270396,285418,300846,316680,332920,349566,366618,384076,401940,420210,438886,457968,477456,497350,517650,538356,559468,580986,602910,625240,647976,671118,694666,718620,742980,767746,792918,818496,844480,870870,897666,924868,952476,980490,1008910,1037736,1066968,1096606,1126650,1157100,1187956,1219218,1250886,1282960,1315440,1348326,1381618,1415316,1449420,1483930,1518846,1554168,1589896,1626030,1662570,1699516,1736868,1774626,1812790,1851360,1890336,1929718,1969506,2009700,2050300
435,1305,2610,4350,6525,9135,12180,15660,19575,23925,28710,33930,39585,45675,52200,59160,66555,74385,82650,91350,100485,110055,120060,130500,141375,152685,164430,176610,189225,202275,215760,229680,244035,258825,274050,289710,305805,322335,339300,356700,374535,392805,411510,430650,450225,470235,490680,511560,532875,554625,576810,599430,622485,645975,669900,694260,719055,744285,769950,796050,822585,849555,876960,904800,933075,961785,990930,1020510,1050525,1080975,1111860,1143180,1174935,1207125,1239750,1272810,1306305,1340235,1374600,1409400,1444635,1480305,1516410,1552950,1589925,1627335,1665180,1703460,1742175,1781325,1820910,1860930,1901385,1942275,1983600,2025360,2067555,2110185,2153250,2196750
465,1395,2790,4650,6975,9765,13020,16740,20925,25575,30690,36270,42315,48825,55800,63240,71145,79515,88350,97650,107415,117645,128340,139500,151125,163215,175770,188790,202275,216225,230640,245520,260865,276675,292950,309690,326895,344565,362700,381300,400365,419895,439890,460350,481275,502665,524520,546840,569625,592875,616590,640770,665415,690525,716100,742140,768645,795615,823050,850950,879315,908145,937440,967200,997425,1028115,1059270,1090890,1122975,1155525,1188540,1222020,1255965,1290375,1325250,1360590,1396395,1432665,1469400,1506600,1544265,1582395,1620990,1660050,1699575,1739565,1780020,1820940,1862325,1904175,1946490,1989270,2032515,2076225,2120400,2165040,2210145,2255715,2301750,2348250
496,1488,2976,4960,7440,10416,13888,17856,22320,27280,32736,38688,45136,52080,59520,67456,75888,84816,94240,104160,114576,125488,136896,148800,161200,174096,187488,201376,215760,230640,246016,261888,278256,295120,312480,330336,348688,367536,386880,406720,427056,447888,469216,491040,513360,536176,559488,583296,607600,632400,657696,683488,709776,736560,763840,791616,819888,848656,877920,907680,937936,968688,999936,1031680,1063920,1096656,1129888,1163616,1197840,1232560,1267776,1303488,1339696,1376400,1413600,1451296,1489488,1528176,1567360,1607040,1647216,1687888,1729056,1770720,1812880,1855536,1898688,1942336,1986480,2031120,2076256,2121888,2168016,2214640,2261760,2309376,2357488,2406096,2455200,2504800
528,1584,3168,5280,7920,11088,14784,19008,23760,29040,34848,41184,48048,55440,63360,71808,80784,90288,100320,110880,121968,133584,145728,158400,171600,185328,199584,214368,229680,245520,261888,278784,296208,314160,332640,351648,371184,391248,411840,432960,454608,476784,499488,522720,546480,570768,595584,620928,646800,673200,700128,727584,755568,784080,813120,842688,872784,903408,934560,966240,998448,1031184,1064448,1098240,1132560,1167408,1202784,1238688,1275120,1312080,1349568,1387584,1426128,1465200,1504800,1544928,1585584,1626768,1668480,1710720,1753488,1796784,1840608,1884960,1929840,1975248,2021184,2067648,2114640,2162160,2210208,2258784,2307888,2357520,2407680,2458368,2509584,2561328,2613600,2666400
561,1683,3366,5610,8415,11781,15708,20196,25245,30855,37026,43758,51051,58905,67320,76296,85833,95931,106590,117810,129591,141933,154836,168300,182325,196911,212058,227766,244035,260865,278256,296208,314721,333795,353430,373626,394383,415701,437580,460020,483021,506583,530706,555390,580635,606441,632808,659736,687225,715275,743886,773058,802791,833085,863940,895356,927333,959871,992970,1026630,1060851,1095633,1130976,1166880,1203345,1240371,1277958,1316106,1354815,1394085,1433916,1474308,1515261,1556775,1598850,1641486,1684683,1728441,1772760,1817640,1863081,1909083,1955646,2002770,2050455,2098701,2147508,2196876,2246805,2297295,2348346,2399958,2452131,2504865,2558160,2612016,2666433,2721411,2776950,2833050
595,1785,3570,5950,8925,12495,16660,21420,26775,32725,39270,46410,54145,62475,71400,80920,91035,101745,113050,124950,137445,150535,164220,178500,193375,208845,224910,241570,258825,276675,295120,314160,333795,354025,374850,396270,418285,440895,464100,487900,512295,537285,562870,589050,615825,643195,671160,699720,728875,758625,788970,819910,851445,883575,916300,949620,983535,1018045,1053150,1088850,1125145,1162035,1199520,1237600,1276275,1315545,1355410,1395870,1436925,1478575,1520820,1563660,1607095,1651125,1695750,1740970,1786785,1833195,1880200,1927800,1975995,2024785,2074170,2124150,2174725,2225895,2277660,2330020,2382975,2436525,2490670,2545410,2600745,2656675,2713200,2770320,2828035,2886345,2945250,3004750
630,1890,3780,6300,9450,13230,17640,22680,28350,34650,41580,49140,57330,66150,75600,85680,96390,107730,119700,132300,145530,159390,173880,189000,204750,221130,238140,255780,274050,292950,312480,332640,353430,374850,396900,419580,442890,466830,491400,516600,542430,568890,595980,623700,652050,681030,710640,740880,771750,803250,835380,868140,901530,935550,970200,1005480,1041390,1077930,1115100,1152900,1191330,1230390,1270080,1310400,1351350,1392930,1435140,1477980,1521450,1565550,1610280,1655640,1701630,1748250,1795500,1843380,1891890,1941030,1990800,2041200,2092230,2143890,2196180,2249100,2302650,2356830,2411640,2467080,2523150,2579850,2637180,2695140,2753730,2812950,2872800,2933280,2994390,3056130,3118500,3181500
666,1998,3996,6660,9990,13986,18648,23976,29970,36630,43956,51948,60606,69930,79920,90576,101898,113886,126540,139860,153846,168498,183816,199800,216450,233766,251748,270396,289710,309690,330336,351648,373626,396270,419580,443556,468198,493506,519480,546120,573426,601398,630036,659340,689310,719946,751248,783216,815850,849150,883116,917748,953046,989010,1025640,1062936,1100898,1139526,1178820,1218780,1259406,1300698,1342656,1385280,1428570,1472526,1517148,1562436,1608390,1655010,1702296,1750248,1798866,1848150,1898100,1948716,1999998,2051946,2104560,2157840,2211786,2266398,2321676,2377620,2434230,2491506,2549448,2608056,2667330,2727270,2787876,2849148,2911086,2973690,3036960,3100896,3165498,3230766,3296700,3363300
703,2109,4218,7030,10545,14763,19684,25308,31635,38665,46398,54834,63973,73815,84360,95608,107559,120213,133570,147630,162393,177859,194028,210900,228475,246753,265734,285418,305805,326895,348688,371184,394383,418285,442890,468198,494209,520923,548340,576460,605283,634809,665038,695970,727605,759943,792984,826728,861175,896325,932178,968734,1005993,1043955,1082620,1121988,1162059,1202833,1244310,1286490,1329373,1372959,1417248,1462240,1507935,1554333,1601434,1649238,1697745,1746955,1796868,1847484,1898803,1950825,2003550,2056978,2111109,2165943,2221480,2277720,2334663,2392309,2450658,2509710,2569465,2629923,2691084,2752948,2815515,2878785,2942758,3007434,3072813,3138895,3205680,3273168,3341359,3410253,3479850,3550150
741,2223,4446,7410,11115,15561,20748,26676,33345,40755,48906,57798,67431,77805,88920,100776,113373,126711,140790,155610,171171,187473,204516,222300,240825,260091,280098,300846,322335,344565,367536,391248,415701,440895,466830,493506,520923,549081,577980,607620,638001,669123,700986,733590,766935,801021,835848,871416,907725,944775,982566,1021098,1060371,1100385,1141140,1182636,1224873,1267851,1311570,1356030,1401231,1447173,1493856,1541280,1589445,1638351,1687998,1738386,1789515,1841385,1893996,1947348,2001441,2056275,2111850,2168166,2225223,2283021,2341560,2400840,2460861,2521623,2583126,2645370,2708355,2772081,2836548,2901756,2967705,3034395,3101826,3169998,3238911,3308565,3378960,3450096,3521973,3594591,3667950,3742050
780,2340,4680,7800,11700,16380,21840,28080,35100,42900,51480,60840,70980,81900,93600,106080,119340,133380,148200,163800,180180,197340,215280,234000,253500,273780,294840,316680,339300,362700,386880,411840,437580,464100,491400,519480,548340,577980,608400,639600,671580,704340,737880,772200,807300,843180,879840,917280,955500,994500,1034280,1074840,1116180,1158300,1201200,1244880,1289340,1334580,1380600,1427400,1474980,1523340,1572480,1622400,1673100,1724580,1776840,1829880,1883700,1938300,1993680,2049840,2106780,2164500,2223000,2282280,2342340,2403180,2464800,2527200,2590380,2654340,2719080,2784600,2850900,2917980,2985840,3054480,3123900,3194100,3265080,3336840,3409380,3482700,3556800,3631680,3707340,3783780,3861000,3939000
820,2460,4920,8200,12300,17220,22960,29520,36900,45100,54120,63960,74620,86100,98400,111520,125460,140220,155800,172200,189420,207460,226320,246000,266500,287820,309960,332920,356700,381300,406720,432960,460020,487900,516600,546120,576460,607620,639600,672400,706020,740460,775720,811800,848700,886420,924960,964320,1004500,1045500,1087320,1129960,1173420,1217700,1262800,1308720,1355460,1403020,1451400,1500600,1550620,1601460,1653120,1705600,1758900,1813020,1867960,1923720,1980300,2037700,2095920,2154960,2214820,2275500,2337000,2399320,2462460,2526420,2591200,2656800,2723220,2790460,2858520,2927400,2997100,3067620,3138960,3211120,3284100,3357900,3432520,3507960,3584220,3661300,3739200,3817920,3897460,3977820,4059000,4141000
861,2583,5166,8610,12915,18081,24108,30996,38745,47355,56826,67158,78351,90405,103320,117096,131733,147231,163590,180810,198891,217833,237636,258300,279825,302211,325458,349566,374535,400365,427056,454608,483021,512295,542430,573426,605283,638001,671580,706020,741321,777483,814506,852390,891135,930741,971208,1012536,1054725,1097775,1141686,1186458,1232091,1278585,1325940,1374156,1423233,1473171,1523970,1575630,1628151,1681533,1735776,1790880,1846845,1903671,1961358,2019906,2079315,2139585,2200716,2262708,2325561,2389275,2453850,2519286,2585583,2652741,2720760,2789640,2859381,2929983,3001446,3073770,3146955,3221001,3295908,3371676,3448305,3525795,3604146,3683358,3763431,3844365,3926160,4008816,4092333,4176711,4261950,4348050
903,2709,5418,9030,13545,18963,25284,32508,40635,49665,59598,70434,82173,94815,108360,122808,138159,154413,171570,189630,208593,228459,249228,270900,293475,316953,341334,366618,392805,419895,447888,476784,506583,537285,568890,601398,634809,669123,704340,740460,777483,815409,854238,893970,934605,976143,1018584,1061928,1106175,1151325,1197378,1244334,1292193,1340955,1390620,1441188,1492659,1545033,1598310,1652490,1707573,1763559,1820448,1878240,1936935,1996533,2057034,2118438,2180745,2243955,2308068,2373084,2439003,2505825,2573550,2642178,2711709,2782143,2853480,2925720,2998863,3072909,3147858,3223710,3300465,3378123,3456684,3536148,3616515,3697785,3779958,3863034,3947013,4031895,4117680,4204368,4291959,4380453,4469850,4560150
946,2838,5676,9460,14190,19866,26488,34056,42570,52030,62436,73788,86086,99330,113520,128656,144738,161766,179740,198660,218526,239338,261096,283800,307450,332046,357588,384076,411510,439890,469216,499488,530706,562870,595980,630036,665038,700986,737880,775720,814506,854238,894916,936540,979110,1022626,1067088,1112496,1158850,1206150,1254396,1303588,1353726,1404810,1456840,1509816,1563738,1618606,1674420,1731180,1788886,1847538,1907136,1967680,2029170,2091606,2154988,2219316,2284590,2350810,2417976,2486088,2555146,2625150,2696100,2767996,2840838,2914626,2989360,3065040,3141666,3219238,3297756,3377220,3457630,3538986,3621288,3704536,3788730,3873870,3959956,4046988,4134966,4223890,4313760,4404576,4496338,4589046,4682700,4777300
990,2970,5940,9900,14850,20790,27720,35640,44550,54450,65340,77220,90090,103950,118800,134640,151470,169290,188100,207900,228690,250470,273240,297000,321750,347490,374220,401940,430650,460350,491040,522720,555390,589050,623700,659340,695970,733590,772200,811800,852390,893970,936540,980100,1024650,1070190,1116720,1164240,1212750,1262250,1312740,1364220,1416690,1470150,1524600,1580040,1636470,1693890,1752300,1811700,1872090,1933470,1995840,2059200,2123550,2188890,2255220,2322540,2390850,2460150,2530440,2601720,2673990,2747250,2821500,2896740,2972970,3050190,3128400,3207600,3287790,3368970,3451140,3534300,3618450,3703590,3789720,3876840,3964950,4054050,4144140,4235220,4327290,4420350,4514400,4609440,4705470,4802490,4900500,4999500
1035,3105,6210,10350,15525,21735,28980,37260,46575,56925,68310,80730,94185,108675,124200,140760,158355,176985,196650,217350,239085,261855,285660,310500,336375,363285,391230,420210,450225,481275,513360,546480,580635,615825,652050,689310,727605,766935,807300,848700,891135,934605,979110,1024650,1071225,1118835,1167480,1217160,1267875,1319625,1372410,1426230,1481085,1536975,1593900,1651860,1710855,1770885,1831950,1894050,1957185,2021355,2086560,2152800,2220075,2288385,2357730,2428110,2499525,2571975,2645460,2719980,2795535,2872125,2949750,3028410,3108105,3188835,3270600,3353400,3437235,3522105,3608010,3694950,3782925,3871935,3961980,4053060,4145175,4238325,4332510,4427730,4523985,4621275,4719600,4818960,4919355,5020785,5123250,5226750
1081,3243,6486,10810,16215,22701,30268,38916,48645,59455,71346,84318,98371,113505,129720,147016,165393,184851,205390,227010,249711,273493,298356,324300,351325,379431,408618,438886,470235,502665,536176,570768,606441,643195,681030,719946,759943,801021,843180,886420,930741,976143,1022626,1070190,1118835,1168561,1219368,1271256,1324225,1378275,1433406,1489618,1546911,1605285,1664740,1725276,1786893,1849591,1913370,1978230,2044171,2111193,2179296,2248480,2318745,2390091,2462518,2536026,2610615,2686285,2763036,2840868,2919781,2999775,3080850,3163006,3246243,3330561,3415960,3502440,3590001,3678643,3768366,3859170,3951055,4044021,4138068,4233196,4329405,4426695,4525066,4624518,4725051,4826665,4929360,5033136,5137993,5243931,5350950,5459050
1128,3384,6768,11280,16920,23688,31584,40608,50760,62040,74448,87984,102648,118440,135360,153408,172584,192888,214320,236880,260568,285384,311328,338400,366600,395928,426384,457968,490680,524520,559488,595584,632808,671160,710640,751248,792984,835848,879840,924960,971208,1018584,1067088,1116720,1167480,1219368,1272384,1326528,1381800,1438200,1495728,1554384,1614168,1675080,1737120,1800288,1864584,1930008,1996560,2064240,2133048,2202984,2274048,2346240,2419560,2494008,2569584,2646288,2724120,2803080,2883168,2964384,3046728,3130200,3214800,3300528,3387384,3475368,3564480,3654720,3746088,3838584,3932208,4026960,4122840,4219848,4317984,4417248,4517640,4619160,4721808,4825584,4930488,5036520,5143680,5251968,5361384,5471928,5583600,5696400
1176,3528,7056,11760,17640,24696,32928,42336,52920,64680,77616,91728,107016,123480,141120,159936,179928,201096,223440,246960,271656,297528,324576,352800,382200,412776,444528,477456,511560,546840,583296,620928,659736,699720,740880,783216,826728,871416,917280,964320,1012536,1061928,1112496,1164240,1217160,1271256,1326528,1382976,1440600,1499400,1559376,1620528,1682856,1746360,1811040,1876896,1943928,2012136,2081520,2152080,2223816,2296728,2370816,2446080,2522520,2600136,2678928,2758896,2840040,2922360,3005856,3090528,3176376,3263400,3351600,3440976,3531528,3623256,3716160,3810240,3905496,4001928,4099536,4198320,4298280,4399416,4501728,4605216,4709880,4815720,4922736,5030928,5140296,5250840,5362560,5475456,5589528,5704776,5821200,5938800
1225,3675,7350,12250,18375,25725,34300,44100,55125,67375,80850,95550,111475,128625,147000,166600,187425,209475,232750,257250,282975,309925,338100,367500,398125,429975,463050,497350,532875,569625,607600,646800,687225,728875,771750,815850,861175,907725,955500,1004500,1054725,1106175,1158850,1212750,1267875,1324225,1381800,1440600,1500625,1561875,1624350,1688050,1752975,1819125,1886500,1955100,2024925,2095975,2168250,2241750,2316475,2392425,2469600,2548000,2627625,2708475,2790550,2873850,2958375,3044125,3131100,3219300,3308725,3399375,3491250,3584350,3678675,3774225,3871000,3969000,4068225,4168675,4270350,4373250,4477375,4582725,4689300,4797100,4906125,5016375,5127850,5240550,5354475,5469625,5586000,5703600,5822425,5942475,6063750,6186250
1275,3825,7650,12750,19125,26775,35700,45900,57375,70125,84150,99450,116025,133875,153000,173400,195075,218025,242250,267750,294525,322575,351900,382500,414375,447525,481950,517650,554625,592875,632400,673200,715275,758625,803250,849150,896325,944775,994500,1045500,1097775,1151325,1206150,1262250,1319625,1378275,1438200,1499400,1561875,1625625,1690650,1756950,1824525,1893375,1963500,2034900,2107575,2181525,2256750,2333250,2411025,2490075,2570400,2652000,2734875,2819025,2904450,2991150,3079125,3168375,3258900,3350700,3443775,3538125,3633750,3730650,3828825,3928275,4029000,4131000,4234275,4338825,4444650,4551750,4660125,4769775,4880700,4992900,5106375,5221125,5337150,5454450,5573025,5692875,5814000,5936400,6060075,6185025,6311250,6438750
1326,3978,7956,13260,19890,27846,37128,47736,59670,72930,87516,103428,120666,139230,159120,180336,202878,226746,251940,278460,306306,335478,365976,397800,430950,465426,501228,538356,576810,616590,657696,700128,743886,788970,835380,883116,932178,982566,1034280,1087320,1141686,1197378,1254396,1312740,1372410,1433406,1495728,1559376,1624350,1690650,1758276,1827228,1897506,1969110,2042040,2116296,2191878,2268786,2347020,2426580,2507466,2589678,2673216,2758080,2844270,2931786,3020628,3110796,3202290,3295110,3389256,3484728,3581526,3679650,3779100,3879876,3981978,4085406,4190160,4296240,4403646,4512378,4622436,4733820,4846530,4960566,5075928,5192616,5310630,5429970,5550636,5672628,5795946,5920590,6046560,6173856,6302478,6432426,6563700,6696300
1378,4134,8268,13780,20670,28938,38584,49608,62010,75790,90948,107484,125398,144690,165360,187408,210834,235638,261820,289380,318318,348634,380328,413400,447850,483678,520884,559468,599430,640770,683488,727584,773058,819910,868140,917748,968734,1021098,1074840,1129960,1186458,1244334,1303588,1364220,1426230,1489618,1554384,1620528,1688050,1756950,1827228,1898884,1971918,2046330,2122120,2199288,2277834,2357758,2439060,2521740,2605798,2691234,2778048,2866240,2955810,3046758,3139084,3232788,3327870,3424330,3522168,3621384,3721978,3823950,3927300,4032028,4138134,4245618,4354480,4464720,4576338,4689334,4803708,4919460,5036590,5155098,5274984,5396248,5518890,5642910,5768308,5895084,6023238,6152770,6283680,6415968,6549634,6684678,6821100,6958900
1431,4293,8586,14310,21465,30051,40068,51516,64395,78705,94446,111618,130221,150255,171720,194616,218943,244701,271890,300510,330561,362043,394956,429300,465075,502281,540918,580986,622485,665415,709776,755568,802791,851445,901530,953046,1005993,1060371,1116180,1173420,1232091,1292193,1353726,1416690,1481085,1546911,1614168,1682856,1752975,1824525,1897506,1971918,2047761,2125035,2203740,2283876,2365443,2448441,2532870,2618730,2706021,2794743,2884896,2976480,3069495,3163941,3259818,3357126,3455865,3556035,3657636,3760668,3865131,3971025,4078350,4187106,4297293,4408911,4521960,4636440,4752351,4869693,4988466,5108670,5230305,5353371,5477868,5603796,5731155,5859945,5990166,6121818,6254901,6389415,6525360,6662736,6801543,6941781,7083450,7226550
1485,4455,8910,14850,22275,31185,41580,53460,66825,81675,98010,115830,135135,155925,178200,201960,227205,253935,282150,311850,343035,375705,409860,445500,482625,521235,561330,602910,645975,690525,736560,784080,833085,883575,935550,989010,1043955,1100385,1158300,1217700,1278585,1340955,1404810,1470150,1536975,1605285,1675080,1746360,1819125,1893375,1969110,2046330,2125035,2205225,2286900,2370060,2454705,2540835,2628450,2717550,2808135,2900205,2993760,3088800,3185325,3283335,3382830,3483810,3586275,3690225,3795660,3902580,4010985,4120875,4232250,4345110,4459455,4575285,4692600,4811400,4931685,5053455,5176710,5301450,5427675,5555385,5684580,5815260,5947425,6081075,6216210,6352830,6490935,6630525,6771600,6914160,7058205,7203735,7350750,7499250
1540,4620,9240,15400,23100,32340,43120,55440,69300,84700,101640,120120,140140,161700,184800,209440,235620,263340,292600,323400,355740,389620,425040,462000,500500,540540,582120,625240,669900,716100,763840,813120,863940,916300,970200,1025640,1082620,1141140,1201200,1262800,1325940,1390620,1456840,1524600,1593900,1664740,1737120,1811040,1886500,1963500,2042040,2122120,2203740,2286900,2371600,2457840,2545620,2634940,2725800,2818200,2912140,3007620,3104640,3203200,3303300,3404940,3508120,3612840,3719100,3826900,3936240,4047120,4159540,4273500,4389000,4506040,4624620,4744740,4866400,4989600,5114340,5240620,5368440,5497800,5628700,5761140,5895120,6030640,6167700,6306300,6446440,6588120,6731340,6876100,7022400,7170240,7319620,7470540,7623000,7777000
1596,4788,9576,15960,23940,33516,44688,57456,71820,87780,105336,124488,145236,167580,191520,217056,244188,272916,303240,335160,368676,403788,440496,478800,518700,560196,603288,647976,694260,742140,791616,842688,895356,949620,1005480,1062936,1121988,1182636,1244880,1308720,1374156,1441188,1509816,1580040,1651860,1725276,1800288,1876896,1955100,2034900,2116296,2199288,2283876,2370060,2457840,2547216,2638188,2730756,2824920,2920680,3018036,3116988,3217536,3319680,3423420,3528756,3635688,3744216,3854340,3966060,4079376,4194288,4310796,4428900,4548600,4669896,4792788,4917276,5043360,5171040,5300316,5431188,5563656,5697720,5833380,5970636,6109488,6249936,6391980,6535620,6680856,6827688,6976116,7126140,7277760,7430976,7585788,7742196,7900200,8059800
1653,4959,9918,16530,24795,34713,46284,59508,74385,90915,109098,128934,150423,173565,198360,224808,252909,282663,314070,347130,381843,418209,456228,495900,537225,580203,624834,671118,719055,768645,819888,872784,927333,983535,1041390,1100898,1162059,1224873,1289340,1355460,1423233,1492659,1563738,1636470,1710855,1786893,1864584,1943928,2024925,2107575,2191878,2277834,2365443,2454705,2545620,2638188,2732409,2828283,2925810,3024990,3125823,3228309,3332448,3438240,3545685,3654783,3765534,3877938,3991995,4107705,4225068,4344084,4464753,4587075,4711050,4836678,4963959,5092893,5223480,5355720,5489613,5625159,5762358,5901210,6041715,6183873,6327684,6473148,6620265,6769035,6919458,7071534,7225263,7380645,7537680,7696368,7856709,8018703,8182350,8347650
1711,5133,10266,17110,25665,35931,47908,61596,76995,94105,112926,133458,155701,179655,205320,232696,261783,292581,325090,359310,395241,432883,472236,513300,556075,600561,646758,694666,744285,795615,848656,903408,959871,1018045,1077930,1139526,1202833,1267851,1334580,1403020,1473171,1545033,1618606,1693890,1770885,1849591,1930008,2012136,2095975,2181525,2268786,2357758,2448441,2540835,2634940,2730756,2828283,2927521,3028470,3131130,3235501,3341583,3449376,3558880,3670095,3783021,3897658,4014006,4132065,4251835,4373316,4496508,4621411,4748025,4876350,5006386,5138133,5271591,5406760,5543640,5682231,5822533,5964546,6108270,6253705,6400851,6549708,6700276,6852555,7006545,7162246,7319658,7478781,7639615,7802160,7966416,8132383,8300061,8469450,8640550
1770,5310,10620,17700,26550,37170,49560,63720,79650,97350,116820,138060,161070,185850,212400,240720,270810,302670,336300,371700,408870,447810,488520,531000,575250,621270,669060,718620,769950,823050,877920,934560,992970,1053150,1115100,1178820,1244310,1311570,1380600,1451400,1523970,1598310,1674420,1752300,1831950,1913370,1996560,2081520,2168250,2256750,2347020,2439060,2532870,2628450,2725800,2824920,2925810,3028470,3132900,3239100,3347070,3456810,3568320,3681600,3796650,3913470,4032060,4152420,4274550,4398450,4524120,4651560,4780770,4911750,5044500,5179020,5315310,5453370,5593200,5734800,5878170,6023310,6170220,6318900,6469350,6621570,6775560,6931320,7088850,7248150,7409220,7572060,7736670,7903050,8071200,8241120,8412810,8586270,8761500,8938500
1830,5490,10980,18300,27450,38430,51240,65880,82350,100650,120780,142740,166530,192150,219600,248880,279990,312930,347700,384300,422730,462990,505080,549000,594750,642330,691740,742980,796050,850950,907680,966240,1026630,1088850,1152900,1218780,1286490,1356030,1427400,1500600,1575630,1652490,1731180,1811700,1894050,1978230,2064240,2152080,2241750,2333250,2426580,2521740,2618730,2717550,2818200,2920680,3024990,3131130,3239100,3348900,3460530,3573990,3689280,3806400,3925350,4046130,4168740,4293180,4419450,4547550,4677480,4809240,4942830,5078250,5215500,5354580,5495490,5638230,5782800,5929200,6077430,6227490,6379380,6533100,6688650,6846030,7005240,7166280,7329150,7493850,7660380,7828740,7998930,8170950,8344800,8520480,8697990,8877330,9058500,9241500
1891,5673,11346,18910,28365,39711,52948,68076,85095,104005,124806,147498,172081,198555,226920,257176,289323,323361,359290,397110,436821,478423,521916,567300,614575,663741,714798,767746,822585,879315,937936,998448,1060851,1125145,1191330,1259406,1329373,1401231,1474980,1550620,1628151,1707573,1788886,1872090,1957185,2044171,2133048,2223816,2316475,2411025,2507466,2605798,2706021,2808135,2912140,3018036,3125823,3235501,3347070,3460530,3575881,3693123,3812256,3933280,4056195,4181001,4307698,4436286,4566765,4699135,4833396,4969548,5107591,5247525,5389350,5533066,5678673,5826171,5975560,6126840,6280011,6435073,6592026,6750870,6911605,7074231,7238748,7405156,7573455,7743645,7915726,8089698,8265561,8443315,8622960,8804496,8987923,9173241,9360450,9549550
1953,5859,11718,19530,29295,41013,54684,70308,87885,107415,128898,152334,177723,205065,234360,265608,298809,333963,371070,410130,451143,494109,539028,585900,634725,685503,738234,792918,849555,908145,968688,1031184,1095633,1162035,1230390,1300698,1372959,1447173,1523340,1601460,1681533,1763559,1847538,1933470,2021355,2111193,2202984,2296728,2392425,2490075,2589678,2691234,2794743,2900205,3007620,3116988,3228309,3341583,3456810,3573990,3693123,3814209,3937248,4062240,4189185,4318083,4448934,4581738,4716495,4853205,4991868,5132484,5275053,5419575,5566050,5714478,5864859,6017193,6171480,6327720,6485913,6646059,6808158,6972210,7138215,7306173,7476084,7647948,7821765,7997535,8175258,8354934,8536563,8720145,8905680,9093168,9282609,9474003,9667350,9862650
2016,6048,12096,20160,30240,42336,56448,72576,90720,110880,133056,157248,183456,211680,241920,274176,308448,344736,383040,423360,465696,510048,556416,604800,655200,707616,762048,818496,876960,937440,999936,1064448,1130976,1199520,1270080,1342656,1417248,1493856,1572480,1653120,1735776,1820448,1907136,1995840,2086560,2179296,2274048,2370816,2469600,2570400,2673216,2778048,2884896,2993760,3104640,3217536,3332448,3449376,3568320,3689280,3812256,3937248,4064256,4193280,4324320,4457376,4592448,4729536,4868640,5009760,5152896,5298048,5445216,5594400,5745600,5898816,6054048,6211296,6370560,6531840,6695136,6860448,7027776,7197120,7368480,7541856,7717248,7894656,8074080,8255520,8438976,8624448,8811936,9001440,9192960,9386496,9582048,9779616,9979200,10180800
2080,6240,12480,20800,31200,43680,58240,74880,93600,114400,137280,162240,189280,218400,249600,282880,318240,355680,395200,436800,480480,526240,574080,624000,676000,730080,786240,844480,904800,967200,1031680,1098240,1166880,1237600,1310400,1385280,1462240,1541280,1622400,1705600,1790880,1878240,1967680,2059200,2152800,2248480,2346240,2446080,2548000,2652000,2758080,2866240,2976480,3088800,3203200,3319680,3438240,3558880,3681600,3806400,3933280,4062240,4193280,4326400,4461600,4598880,4738240,4879680,5023200,5168800,5316480,5466240,5618080,5772000,5928000,6086080,6246240,6408480,6572800,6739200,6907680,7078240,7250880,7425600,7602400,7781280,7962240,8145280,8330400,8517600,8706880,8898240,9091680,9287200,9484800,9684480,9886240,10090080,10296000,10504000
2145,6435,12870,21450,32175,45045,60060,77220,96525,117975,141570,167310,195195,225225,257400,291720,328185,366795,407550,450450,495495,542685,592020,643500,697125,752895,810810,870870,933075,997425,1063920,1132560,1203345,1276275,1351350,1428570,1507935,1589445,1673100,1758900,1846845,1936935,2029170,2123550,2220075,2318745,2419560,2522520,2627625,2734875,2844270,2955810,3069495,3185325,3303300,3423420,3545685,3670095,3796650,3925350,4056195,4189185,4324320,4461600,4601025,4742595,4886310,5032170,5180175,5330325,5482620,5637060,5793645,5952375,6113250,6276270,6441435,6608745,6778200,6949800,7123545,7299435,7477470,7657650,7839975,8024445,8211060,8399820,8590725,8783775,8978970,9176310,9375795,9577425,9781200,9987120,10195185,10405395,10617750,10832250
2211,6633,13266,22110,33165,46431,61908,79596,99495,121605,145926,172458,201201,232155,265320,300696,338283,378081,420090,464310,510741,559383,610236,663300,718575,776061,835758,897666,961785,1028115,1096656,1167408,1240371,1315545,1392930,1472526,1554333,1638351,1724580,1813020,1903671,1996533,2091606,2188890,2288385,2390091,2494008,2600136,2708475,2819025,2931786,3046758,3163941,3283335,3404940,3528756,3654783,3783021,3913470,4046130,4181001,4318083,4457376,4598880,4742595,4888521,5036658,5187006,5339565,5494335,5651316,5810508,5971911,6135525,6301350,6469386,6639633,6812091,6986760,7163640,7342731,7524033,7707546,7893270,8081205,8271351,8463708,8658276,8855055,9054045,9255246,9458658,9664281,9872115,10082160,10294416,10508883,10725561,10944450,11165550
2278,6834,13668,22780,34170,47838,63784,82008,102510,125290,150348,177684,207298,239190,273360,309808,348534,389538,432820,478380,526218,576334,628728,683400,740350,799578,861084,924868,990930,1059270,1129888,1202784,1277958,1355410,1435140,1517148,1601434,1687998,1776840,1867960,1961358,2057034,2154988,2255220,2357730,2462518,2569584,2678928,2790550,2904450,3020628,3139084,3259818,3382830,3508120,3635688,3765534,3897658,4032060,4168740,4307698,4448934,4592448,4738240,4886310,5036658,5189284,5344188,5501370,5660830,5822568,5986584,6152878,6321450,6492300,6665428,6840834,7018518,7198480,7380720,7565238,7752034,7941108,8132460,8326090,8521998,8720184,8920648,9123390,9328410,9535708,9745284,9957138,10171270,10387680,10606368,10827334,11050578,11276100,11503900
2346,7038,14076,23460,35190,49266,65688,84456,105570,129030,154836,182988,213486,246330,281520,319056,358938,401166,445740,492660,541926,593538,647496,703800,762450,823446,886788,952476,1020510,1090890,1163616,1238688,1316106,1395870,1477980,1562436,1649238,1738386,1829880,1923720,2019906,2118438,2219316,2322540,2428110,2536026,2646288,2758896,2873850,2991150,3110796,3232788,3357126,3483810,3612840,3744216,3877938,4014006,4152420,4293180,4436286,4581738,4729536,4879680,5032170,5187006,5344188,5503716,5665590,5829810,5996376,6165288,6336546,6510150,6686100,6864396,7045038,7228026,7413360,7601040,7791066,7983438,8178156,8375220,8574630,8776386,8980488,9186936,9395730,9606870,9820356,10036188,10254366,10474890,10697760,10922976,11150538,11380446,11612700,11847300
2415,7245,14490,24150,36225,50715,67620,86940,108675,132825,159390,188370,219765,253575,289800,328440,369495,412965,458850,507150,557865,610995,666540,724500,784875,847665,912870,980490,1050525,1122975,1197840,1275120,1354815,1436925,1521450,1608390,1697745,1789515,1883700,1980300,2079315,2180745,2284590,2390850,2499525,2610615,2724120,2840040,2958375,3079125,3202290,3327870,3455865,3586275,3719100,3854340,3991995,4132065,4274550,4419450,4566765,4716495,4868640,5023200,5180175,5339565,5501370,5665590,5832225,6001275,6172740,6346620,6522915,6701625,6882750,7066290,7252245,7440615,7631400,7824600,8020215,8218245,8418690,8621550,8826825,9034515,9244620,9457140,9672075,9889425,10109190,10331370,10555965,10782975,11012400,11244240,11478495,11715165,11954250,12195750
2485,7455,14910,24850,37275,52185,69580,89460,111825,136675,164010,193830,226135,260925,298200,337960,380205,424935,472150,521850,574035,628705,685860,745500,807625,872235,939330,1008910,1080975,1155525,1232560,1312080,1394085,1478575,1565550,1655010,1746955,1841385,1938300,2037700,2139585,2243955,2350810,2460150,2571975,2686285,2803080,2922360,3044125,3168375,3295110,3424330,3556035,3690225,3826900,3966060,4107705,4251835,4398450,4547550,4699135,4853205,5009760,5168800,5330325,5494335,5660830,5829810,6001275,6175225,6351660,6530580,6711985,6895875,7082250,7271110,7462455,7656285,7852600,8051400,8252685,8456455,8662710,8871450,9082675,9296385,9512580,9731260,9952425,10176075,10402210,10630830,10861935,11095525,11331600,11570160,11811205,12054735,12300750,12549250
2556,7668,15336,25560,38340,53676,71568,92016,115020,140580,168696,199368,232596,268380,306720,347616,391068,437076,485640,536760,590436,646668,705456,766800,830700,897156,966168,1037736,1111860,1188540,1267776,1349568,1433916,1520820,1610280,1702296,1796868,1893996,1993680,2095920,2200716,2308068,2417976,2530440,2645460,2763036,2883168,3005856,3131100,3258900,3389256,3522168,3657636,3795660,3936240,4079376,4225068,4373316,4524120,4677480,4833396,4991868,5152896,5316480,5482620,5651316,5822568,5996376,6172740,6351660,6533136,6717168,6903756,7092900,7284600,7478856,7675668,7875036,8076960,8281440,8488476,8698068,8910216,9124920,9342180,9561996,9784368,10009296,10236780,10466820,10699416,10934568,11172276,11412540,11655360,11900736,12148668,12399156,12652200,12907800
2628,7884,15768,26280,39420,55188,73584,94608,118260,144540,173448,204984,239148,275940,315360,357408,402084,449388,499320,551880,607068,664884,725328,788400,854100,922428,993384,1066968,1143180,1222020,1303488,1387584,1474308,1563660,1655640,1750248,1847484,1947348,2049840,2154960,2262708,2373084,2486088,2601720,2719980,2840868,2964384,3090528,3219300,3350700,3484728,3621384,3760668,3902580,4047120,4194288,4344084,4496508,4651560,4809240,4969548,5132484,5298048,5466240,5637060,5810508,5986584,6165288,6346620,6530580,6717168,6906384,7098228,7292700,7489800,7689528,7891884,8096868,8304480,8514720,8727588,8943084,9161208,9381960,9605340,9831348,10059984,10291248,10525140,10761660,11000808,11242584,11486988,11734020,11983680,12235968,12490884,12748428,13008600,13271400
2701,8103,16206,27010,40515,56721,75628,97236,121545,148555,178266,210678,245791,283605,324120,367336,413253,461871,513190,567210,623931,683353,745476,810300,877825,948051,1020978,1096606,1174935,1255965,1339696,1426128,1515261,1607095,1701630,1798866,1898803,2001441,2106780,2214820,2325561,2439003,2555146,2673990,2795535,2919781,3046728,3176376,3308725,3443775,3581526,3721978,3865131,4010985,4159540,4310796,4464753,4621411,4780770,4942830,5107591,5275053,5445216,5618080,5793645,5971911,6152878,6336546,6522915,6711985,6903756,7098228,7295401,7495275,7697850,7903126,8111103,8321781,8535160,8751240,8970021,9191503,9415686,9642570,9872155,10104441,10339428,10577116,10817505,11060595,11306386,11554878,11806071,12059965,12316560,12575856,12837853,13102551,13369950,13640050
2775,8325,16650,27750,41625,58275,77700,99900,124875,152625,183150,216450,252525,291375,333000,377400,424575,474525,527250,582750,641025,702075,765900,832500,901875,974025,1048950,1126650,1207125,1290375,1376400,1465200,1556775,1651125,1748250,1848150,1950825,2056275,2164500,2275500,2389275,2505825,2625150,2747250,2872125,2999775,3130200,3263400,3399375,3538125,3679650,3823950,3971025,4120875,4273500,4428900,4587075,4748025,4911750,5078250,5247525,5419575,5594400,5772000,5952375,6135525,6321450,6510150,6701625,6895875,7092900,7292700,7495275,7700625,7908750,8119650,8333325,8549775,8769000,8991000,9215775,9443325,9673650,9906750,10142625,10381275,10622700,10866900,11113875,11363625,11616150,11871450,12129525,12390375,12654000,12920400,13189575,13461525,13736250,14013750
2850,8550,17100,28500,42750,59850,79800,102600,128250,156750,188100,222300,259350,299250,342000,387600,436050,487350,541500,598500,658350,721050,786600,855000,926250,1000350,1077300,1157100,1239750,1325250,1413600,1504800,1598850,1695750,1795500,1898100,2003550,2111850,2223000,2337000,2453850,2573550,2696100,2821500,2949750,3080850,3214800,3351600,3491250,3633750,3779100,3927300,4078350,4232250,4389000,4548600,4711050,4876350,5044500,5215500,5389350,5566050,5745600,5928000,6113250,6301350,6492300,6686100,6882750,7082250,7284600,7489800,7697850,7908750,8122500,8339100,8558550,8780850,9006000,9234000,9464850,9698550,9935100,10174500,10416750,10661850,10909800,11160600,11414250,11670750,11930100,12192300,12457350,12725250,12996000,13269600,13546050,13825350,14107500,14392500
2926,8778,17556,29260,43890,61446,81928,105336,131670,160930,193116,228228,266266,307230,351120,397936,447678,500346,555940,614460,675906,740278,807576,877800,950950,1027026,1106028,1187956,1272810,1360590,1451296,1544928,1641486,1740970,1843380,1948716,2056978,2168166,2282280,2399320,2519286,2642178,2767996,2896740,3028410,3163006,3300528,3440976,3584350,3730650,3879876,4032028,4187106,4345110,4506040,4669896,4836678,5006386,5179020,5354580,5533066,5714478,5898816,6086080,6276270,6469386,6665428,6864396,7066290,7271110,7478856,7689528,7903126,8119650,8339100,8561476,8786778,9015006,9246160,9480240,9717246,9957178,10200036,10445820,10694530,10946166,11200728,11458216,11718630,11981970,12248236,12517428,12789546,13064590,13342560,13623456,13907278,14194026,14483700,14776300
3003,9009,18018,30030,45045,63063,84084,108108,135135,165165,198198,234234,273273,315315,360360,408408,459459,513513,570570,630630,693693,759759,828828,900900,975975,1054053,1135134,1219218,1306305,1396395,1489488,1585584,1684683,1786785,1891890,1999998,2111109,2225223,2342340,2462460,2585583,2711709,2840838,2972970,3108105,3246243,3387384,3531528,3678675,3828825,3981978,4138134,4297293,4459455,4624620,4792788,4963959,5138133,5315310,5495490,5678673,5864859,6054048,6246240,6441435,6639633,6840834,7045038,7252245,7462455,7675668,7891884,8111103,8333325,8558550,8786778,9018009,9252243,9489480,9729720,9972963,10219209,10468458,10720710,10975965,11234223,11495484,11759748,12027015,12297285,12570558,12846834,13126113,13408395,13693680,13981968,14273259,14567553,14864850,15165150
3081,9243,18486,30810,46215,64701,86268,110916,138645,169455,203346,240318,280371,323505,369720,419016,471393,526851,585390,647010,711711,779493,850356,924300,1001325,1081431,1164618,1250886,1340235,1432665,1528176,1626768,1728441,1833195,1941030,2051946,2165943,2283021,2403180,2526420,2652741,2782143,2914626,3050190,3188835,3330561,3475368,3623256,3774225,3928275,4085406,4245618,4408911,4575285,4744740,4917276,5092893,5271591,5453370,5638230,5826171,6017193,6211296,6408480,6608745,6812091,7018518,7228026,7440615,7656285,7875036,8096868,8321781,8549775,8780850,9015006,9252243,9492561,9735960,9982440,10232001,10484643,10740366,10999170,11261055,11526021,11794068,12065196,12339405,12616695,12897066,13180518,13467051,13756665,14049360,14345136,14643993,14945931,15250950,15559050
3160,9480,18960,31600,47400,66360,88480,113760,142200,173800,208560,246480,287560,331800,379200,429760,483480,540360,600400,663600,729960,799480,872160,948000,1027000,1109160,1194480,1282960,1374600,1469400,1567360,1668480,1772760,1880200,1990800,2104560,2221480,2341560,2464800,2591200,2720760,2853480,2989360,3128400,3270600,3415960,3564480,3716160,3871000,4029000,4190160,4354480,4521960,4692600,4866400,5043360,5223480,5406760,5593200,5782800,5975560,6171480,6370560,6572800,6778200,6986760,7198480,7413360,7631400,7852600,8076960,8304480,8535160,8769000,9006000,9246160,9489480,9735960,9985600,10238400,10494360,10753480,11015760,11281200,11549800,11821560,12096480,12374560,12655800,12940200,13227760,13518480,13812360,14109400,14409600,14712960,15019480,15329160,15642000,15958000
3240,9720,19440,32400,48600,68040,90720,116640,145800,178200,213840,252720,294840,340200,388800,440640,495720,554040,615600,680400,748440,819720,894240,972000,1053000,1137240,1224720,1315440,1409400,1506600,1607040,1710720,1817640,1927800,2041200,2157840,2277720,2400840,2527200,2656800,2789640,2925720,3065040,3207600,3353400,3502440,3654720,3810240,3969000,4131000,4296240,4464720,4636440,4811400,4989600,5171040,5355720,5543640,5734800,5929200,6126840,6327720,6531840,6739200,6949800,7163640,7380720,7601040,7824600,8051400,8281440,8514720,8751240,8991000,9234000,9480240,9729720,9982440,10238400,10497600,10760040,11025720,11294640,11566800,11842200,12120840,12402720,12687840,12976200,13267800,13562640,13860720,14162040,14466600,14774400,15085440,15399720,15717240,16038000,16362000
3321,9963,19926,33210,49815,69741,92988,119556,149445,182655,219186,259038,302211,348705,398520,451656,508113,567891,630990,697410,767151,840213,916596,996300,1079325,1165671,1255338,1348326,1444635,1544265,1647216,1753488,1863081,1975995,2092230,2211786,2334663,2460861,2590380,2723220,2859381,2998863,3141666,3287790,3437235,3590001,3746088,3905496,4068225,4234275,4403646,4576338,4752351,4931685,5114340,5300316,5489613,5682231,5878170,6077430,6280011,6485913,6695136,6907680,7123545,7342731,7565238,7791066,8020215,8252685,8488476,8727588,8970021,9215775,9464850,9717246,9972963,10232001,10494360,10760040,11029041,11301363,11577006,11855970,12138255,12423861,12712788,13005036,13300605,13599495,13901706,14207238,14516091,14828265,15143760,15462576,15784713,16110171,16438950,16771050
3403,10209,20418,34030,51045,71463,95284,122508,153135,187165,224598,265434,309673,357315,408360,462808,520659,581913,646570,714630,786093,860959,939228,1020900,1105975,1194453,1286334,1381618,1480305,1582395,1687888,1796784,1909083,2024785,2143890,2266398,2392309,2521623,2654340,2790460,2929983,3072909,3219238,3368970,3522105,3678643,3838584,4001928,4168675,4338825,4512378,4689334,4869693,5053455,5240620,5431188,5625159,5822533,6023310,6227490,6435073,6646059,6860448,7078240,7299435,7524033,7752034,7983438,8218245,8456455,8698068,8943084,9191503,9443325,9698550,9957178,10219209,10484643,10753480,11025720,11301363,11580409,11862858,12148710,12437965,12730623,13026684,13326148,13629015,13935285,14244958,14558034,14874513,15194395,15517680,15844368,16174459,16507953,16844850,17185150
3486,10458,20916,34860,52290,73206,97608,125496,156870,191730,230076,271908,317226,366030,418320,474096,533358,596106,662340,732060,805266,881958,962136,1045800,1132950,1223586,1317708,1415316,1516410,1620990,1729056,1840608,1955646,2074170,2196180,2321676,2450658,2583126,2719080,2858520,3001446,3147858,3297756,3451140,3608010,3768366,3932208,4099536,4270350,4444650,4622436,4803708,4988466,5176710,5368440,5563656,5762358,5964546,6170220,6379380,6592026,6808158,7027776,7250880,7477470,7707546,7941108,8178156,8418690,8662710,8910216,9161208,9415686,9673650,9935100,10200036,10468458,10740366,11015760,11294640,11577006,11862858,12152196,12445020,12741330,13041126,13344408,13651176,13961430,14275170,14592396,14913108,15237306,15564990,15896160,16230816,16568958,16910586,17255700,17604300
3570,10710,21420,35700,53550,74970,99960,128520,160650,196350,235620,278460,324870,374850,428400,485520,546210,610470,678300,749700,824670,903210,985320,1071000,1160250,1253070,1349460,1449420,1552950,1660050,1770720,1884960,2002770,2124150,2249100,2377620,2509710,2645370,2784600,2927400,3073770,3223710,3377220,3534300,3694950,3859170,4026960,4198320,4373250,4551750,4733820,4919460,5108670,5301450,5497800,5697720,5901210,6108270,6318900,6533100,6750870,6972210,7197120,7425600,7657650,7893270,8132460,8375220,8621550,8871450,9124920,9381960,9642570,9906750,10174500,10445820,10720710,10999170,11281200,11566800,11855970,12148710,12445020,12744900,13048350,13355370,13665960,13980120,14297850,14619150,14944020,15272460,15604470,15940050,16279200,16621920,16968210,17318070,17671500,18028500
3655,10965,21930,36550,54825,76755,102340,131580,164475,201025,241230,285090,332605,383775,438600,497080,559215,625005,694450,767550,844305,924715,1008780,1096500,1187875,1282905,1381590,1483930,1589925,1699575,1812880,1929840,2050455,2174725,2302650,2434230,2569465,2708355,2850900,2997100,3146955,3300465,3457630,3618450,3782925,3951055,4122840,4298280,4477375,4660125,4846530,5036590,5230305,5427675,5628700,5833380,6041715,6253705,6469350,6688650,6911605,7138215,7368480,7602400,7839975,8081205,8326090,8574630,8826825,9082675,9342180,9605340,9872155,10142625,10416750,10694530,10975965,11261055,11549800,11842200,12138255,12437965,12741330,13048350,13359025,13673355,13991340,14312980,14638275,14967225,15299830,15636090,15976005,16319575,16666800,17017680,17372215,17730405,18092250,18457750
3741,11223,22446,37410,56115,78561,104748,134676,168345,205755,246906,291798,340431,392805,448920,508776,572373,639711,710790,785610,864171,946473,1032516,1122300,1215825,1313091,1414098,1518846,1627335,1739565,1855536,1975248,2098701,2225895,2356830,2491506,2629923,2772081,2917980,3067620,3221001,3378123,3538986,3703590,3871935,4044021,4219848,4399416,4582725,4769775,4960566,5155098,5353371,5555385,5761140,5970636,6183873,6400851,6621570,6846030,7074231,7306173,7541856,7781280,8024445,8271351,8521998,8776386,9034515,9296385,9561996,9831348,10104441,10381275,10661850,10946166,11234223,11526021,11821560,12120840,12423861,12730623,13041126,13355370,13673355,13995081,14320548,14649756,14982705,15319395,15659826,16003998,16351911,16703565,17058960,17418096,17780973,18147591,18517950,18892050
3828,11484,22968,38280,57420,80388,107184,137808,172260,210540,252648,298584,348348,401940,459360,520608,585684,654588,727320,803880,884268,968484,1056528,1148400,1244100,1343628,1446984,1554168,1665180,1780020,1898688,2021184,2147508,2277660,2411640,2549448,2691084,2836548,2985840,3138960,3295908,3456684,3621288,3789720,3961980,4138068,4317984,4501728,4689300,4880700,5075928,5274984,5477868,5684580,5895120,6109488,6327684,6549708,6775560,7005240,7238748,7476084,7717248,7962240,8211060,8463708,8720184,8980488,9244620,9512580,9784368,10059984,10339428,10622700,10909800,11200728,11495484,11794068,12096480,12402720,12712788,13026684,13344408,13665960,13991340,14320548,14653584,14990448,15331140,15675660,16024008,16376184,16732188,17092020,17455680,17823168,18194484,18569628,18948600,19331400
3916,11748,23496,39160,58740,82236,109648,140976,176220,215380,258456,305448,356356,411180,469920,532576,599148,669636,744040,822360,904596,990748,1080816,1174800,1272700,1374516,1480248,1589896,1703460,1820940,1942336,2067648,2196876,2330020,2467080,2608056,2752948,2901756,3054480,3211120,3371676,3536148,3704536,3876840,4053060,4233196,4417248,4605216,4797100,4992900,5192616,5396248,5603796,5815260,6030640,6249936,6473148,6700276,6931320,7166280,7405156,7647948,7894656,8145280,8399820,8658276,8920648,9186936,9457140,9731260,10009296,10291248,10577116,10866900,11160600,11458216,11759748,12065196,12374560,12687840,13005036,13326148,13651176,13980120,14312980,14649756,14990448,15335056,15683580,16036020,16392376,16752648,17116836,17484940,17856960,18232896,18612748,18996516,19384200,19775800
4005,12015,24030,40050,60075,84105,112140,144180,180225,220275,264330,312390,364455,420525,480600,544680,612765,684855,760950,841050,925155,1013265,1105380,1201500,1301625,1405755,1513890,1626030,1742175,1862325,1986480,2114640,2246805,2382975,2523150,2667330,2815515,2967705,3123900,3284100,3448305,3616515,3788730,3964950,4145175,4329405,4517640,4709880,4906125,5106375,5310630,5518890,5731155,5947425,6167700,6391980,6620265,6852555,7088850,7329150,7573455,7821765,8074080,8330400,8590725,8855055,9123390,9395730,9672075,9952425,10236780,10525140,10817505,11113875,11414250,11718630,12027015,12339405,12655800,12976200,13300605,13629015,13961430,14297850,14638275,14982705,15331140,15683580,16040025,16400475,16764930,17133390,17505855,17882325,18262800,18647280,19035765,19428255,19824750,20225250
4095,12285,24570,40950,61425,85995,114660,147420,184275,225225,270270,319410,372645,429975,491400,556920,626535,700245,778050,859950,945945,1036035,1130220,1228500,1330875,1437345,1547910,1662570,1781325,1904175,2031120,2162160,2297295,2436525,2579850,2727270,2878785,3034395,3194100,3357900,3525795,3697785,3873870,4054050,4238325,4426695,4619160,4815720,5016375,5221125,5429970,5642910,5859945,6081075,6306300,6535620,6769035,7006545,7248150,7493850,7743645,7997535,8255520,8517600,8783775,9054045,9328410,9606870,9889425,10176075,10466820,10761660,11060595,11363625,11670750,11981970,12297285,12616695,12940200,13267800,13599495,13935285,14275170,14619150,14967225,15319395,15675660,16036020,16400475,16769025,17141670,17518410,17899245,18284175,18673200,19066320,19463535,19864845,20270250,20679750
4186,12558,25116,41860,62790,87906,117208,150696,188370,230230,276276,326508,380926,439530,502320,569296,640458,715806,795340,879060,966966,1059058,1155336,1255800,1360450,1469286,1582308,1699516,1820910,1946490,2076256,2210208,2348346,2490670,2637180,2787876,2942758,3101826,3265080,3432520,3604146,3779958,3959956,4144140,4332510,4525066,4721808,4922736,5127850,5337150,5550636,5768308,5990166,6216210,6446440,6680856,6919458,7162246,7409220,7660380,7915726,8175258,8438976,8706880,8978970,9255246,9535708,9820356,10109190,10402210,10699416,11000808,11306386,11616150,11930100,12248236,12570558,12897066,13227760,13562640,13901706,14244958,14592396,14944020,15299830,15659826,16024008,16392376,16764930,17141670,17522596,17907708,18297006,18690490,19088160,19490016,19896058,20306286,20720700,21139300
4278,12834,25668,42780,64170,89838,119784,154008,192510,235290,282348,333684,389298,449190,513360,581808,654534,731538,812820,898380,988218,1082334,1180728,1283400,1390350,1501578,1617084,1736868,1860930,1989270,2121888,2258784,2399958,2545410,2695140,2849148,3007434,3169998,3336840,3507960,3683358,3863034,4046988,4235220,4427730,4624518,4825584,5030928,5240550,5454450,5672628,5895084,6121818,6352830,6588120,6827688,7071534,7319658,7572060,7828740,8089698,8354934,8624448,8898240,9176310,9458658,9745284,10036188,10331370,10630830,10934568,11242584,11554878,11871450,12192300,12517428,12846834,13180518,13518480,13860720,14207238,14558034,14913108,15272460,15636090,16003998,16376184,16752648,17133390,17518410,17907708,18301284,18699138,19101270,19507680,19918368,20333334,20752578,21176100,21603900
4371,13113,26226,43710,65565,91791,122388,157356,196695,240405,288486,340938,397761,458955,524520,594456,668763,747441,830490,917910,1009701,1105863,1206396,1311300,1420575,1534221,1652238,1774626,1901385,2032515,2168016,2307888,2452131,2600745,2753730,2911086,3072813,3238911,3409380,3584220,3763431,3947013,4134966,4327290,4523985,4725051,4930488,5140296,5354475,5573025,5795946,6023238,6254901,6490935,6731340,6976116,7225263,7478781,7736670,7998930,8265561,8536563,8811936,9091680,9375795,9664281,9957138,10254366,10555965,10861935,11172276,11486988,11806071,12129525,12457350,12789546,13126113,13467051,13812360,14162040,14516091,14874513,15237306,15604470,15976005,16351911,16732188,17116836,17505855,17899245,18297006,18699138,19105641,19516515,19931760,20351376,20775363,21203721,21636450,22073550
4465,13395,26790,44650,66975,93765,125020,160740,200925,245575,294690,348270,406315,468825,535800,607240,683145,763515,848350,937650,1031415,1129645,1232340,1339500,1451125,1567215,1687770,1812790,1942275,2076225,2214640,2357520,2504865,2656675,2812950,2973690,3138895,3308565,3482700,3661300,3844365,4031895,4223890,4420350,4621275,4826665,5036520,5250840,5469625,5692875,5920590,6152770,6389415,6630525,6876100,7126140,7380645,7639615,7903050,8170950,8443315,8720145,9001440,9287200,9577425,9872115,10171270,10474890,10782975,11095525,11412540,11734020,12059965,12390375,12725250,13064590,13408395,13756665,14109400,14466600,14828265,15194395,15564990,15940050,16319575,16703565,17092020,17484940,17882325,18284175,18690490,19101270,19516515,19936225,20360400,20789040,21222145,21659715,22101750,22548250
4560,13680,27360,45600,68400,95760,127680,164160,205200,250800,300960,355680,414960,478800,547200,620160,697680,779760,866400,957600,1053360,1153680,1258560,1368000,1482000,1600560,1723680,1851360,1983600,2120400,2261760,2407680,2558160,2713200,2872800,3036960,3205680,3378960,3556800,3739200,3926160,4117680,4313760,4514400,4719600,4929360,5143680,5362560,5586000,5814000,6046560,6283680,6525360,6771600,7022400,7277760,7537680,7802160,8071200,8344800,8622960,8905680,9192960,9484800,9781200,10082160,10387680,10697760,11012400,11331600,11655360,11983680,12316560,12654000,12996000,13342560,13693680,14049360,14409600,14774400,15143760,15517680,15896160,16279200,16666800,17058960,17455680,17856960,18262800,18673200,19088160,19507680,19931760,20360400,20793600,21231360,21673680,22120560,22572000,23028000
4656,13968,27936,46560,69840,97776,130368,167616,209520,256080,307296,363168,423696,488880,558720,633216,712368,796176,884640,977760,1075536,1177968,1285056,1396800,1513200,1634256,1759968,1890336,2025360,2165040,2309376,2458368,2612016,2770320,2933280,3100896,3273168,3450096,3631680,3817920,4008816,4204368,4404576,4609440,4818960,5033136,5251968,5475456,5703600,5936400,6173856,6415968,6662736,6914160,7170240,7430976,7696368,7966416,8241120,8520480,8804496,9093168,9386496,9684480,9987120,10294416,10606368,10922976,11244240,11570160,11900736,12235968,12575856,12920400,13269600,13623456,13981968,14345136,14712960,15085440,15462576,15844368,16230816,16621920,17017680,17418096,17823168,18232896,18647280,19066320,19490016,19918368,20351376,20789040,21231360,21678336,22129968,22586256,23047200,23512800
4753,14259,28518,47530,71295,99813,133084,171108,213885,261415,313698,370734,432523,499065,570360,646408,727209,812763,903070,998130,1097943,1202509,1311828,1425900,1544725,1668303,1796634,1929718,2067555,2210145,2357488,2509584,2666433,2828035,2994390,3165498,3341359,3521973,3707340,3897460,4092333,4291959,4496338,4705470,4919355,5137993,5361384,5589528,5822425,6060075,6302478,6549634,6801543,7058205,7319620,7585788,7856709,8132383,8412810,8697990,8987923,9282609,9582048,9886240,10195185,10508883,10827334,11150538,11478495,11811205,12148668,12490884,12837853,13189575,13546050,13907278,14273259,14643993,15019480,15399720,15784713,16174459,16568958,16968210,17372215,17780973,18194484,18612748,19035765,19463535,19896058,20333334,20775363,21222145,21673680,22129968,22591009,23056803,23527350,24002650
4851,14553,29106,48510,72765,101871,135828,174636,218295,266805,320166,378378,441441,509355,582120,659736,742203,829521,921690,1018710,1120581,1227303,1338876,1455300,1576575,1702701,1833678,1969506,2110185,2255715,2406096,2561328,2721411,2886345,3056130,3230766,3410253,3594591,3783780,3977820,4176711,4380453,4589046,4802490,5020785,5243931,5471928,5704776,5942475,6185025,6432426,6684678,6941781,7203735,7470540,7742196,8018703,8300061,8586270,8877330,9173241,9474003,9779616,10090080,10405395,10725561,11050578,11380446,11715165,12054735,12399156,12748428,13102551,13461525,13825350,14194026,14567553,14945931,15329160,15717240,16110171,16507953,16910586,17318070,17730405,18147591,18569628,18996516,19428255,19864845,20306286,20752578,21203721,21659715,22120560,22586256,23056803,23532201,24012450,24497550
4950,14850,29700,49500,74250,103950,138600,178200,222750,272250,326700,386100,450450,519750,594000,673200,757350,846450,940500,1039500,1143450,1252350,1366200,1485000,1608750,1737450,1871100,2009700,2153250,2301750,2455200,2613600,2776950,2945250,3118500,3296700,3479850,3667950,3861000,4059000,4261950,4469850,4682700,4900500,5123250,5350950,5583600,5821200,6063750,6311250,6563700,6821100,7083450,7350750,7623000,7900200,8182350,8469450,8761500,9058500,9360450,9667350,9979200,10296000,10617750,10944450,11276100,11612700,11954250,12300750,12652200,13008600,13369950,13736250,14107500,14483700,14864850,15250950,15642000,16038000,16438950,16844850,17255700,17671500,18092250,18517950,18948600,19384200,19824750,20270250,20720700,21176100,21636450,22101750,22572000,23047200,23527350,24012450,24502500,24997500
5050,15150,30300,50500,75750,106050,141400,181800,227250,277750,333300,393900,459550,530250,606000,686800,772650,863550,959500,1060500,1166550,1277650,1393800,1515000,1641250,1772550,1908900,2050300,2196750,2348250,2504800,2666400,2833050,3004750,3181500,3363300,3550150,3742050,3939000,4141000,4348050,4560150,4777300,4999500,5226750,5459050,5696400,5938800,6186250,6438750,6696300,6958900,7226550,7499250,7777000,8059800,8347650,8640550,8938500,9241500,9549550,9862650,10180800,10504000,10832250,11165550,11503900,11847300,12195750,12549250,12907800,13271400,13640050,14013750,14392500,14776300,15165150,15559050,15958000,16362000,16771050,17185150,17604300,18028500,18457750,18892050,19331400,19775800,20225250,20679750,21139300,21603900,22073550,22548250,23028000,23512800,24002650,24497550,24997500,25502500
